sku,price,title,id,content,score,plus,nickname,creationTime
100010429536,3999.00,RedmiBook 13 全面屏超轻薄(第十代英特尔酷睿i5-10210U 8G 512G MX250 2G)银 手提 笔记本电脑 小米 红米,14469620112,"运行速度：目前没有运营大型游戏和软件，主要用来办公，速度还是很快的！
屏幕效果：显示效果没得说，看视频时记得要选清晰度，不然体现不出效果
散热性能：办公用所以没有出现发热的现象，静音也很好
外形外观：外形比较大气，做工很精致，16.1很适合男士朋友使用
轻薄程度：轻薄程度还是可以的，但毕竟是16.1的还是有些重量的，男士还好，女孩子建议14寸的
其他特色：声音效果也不错，当初买这款红米16.1主要就是看重的性价比，小米果然没有让我失望！",5,101,4***m,2020-07-28 22:25:00
100010429536,3999.00,RedmiBook 13 全面屏超轻薄(第十代英特尔酷睿i5-10210U 8G 512G MX250 2G)银 手提 笔记本电脑 小米 红米,14469564735,屏幕看着很舒服的，很喜欢，跟我另一个苹果air一样的尺寸，这个屏就显得大点，很轻巧，手感还不错。可能是新机，期待能使用久一点，至少让我感觉国产产品不比苹果差，哈哈?,5,0,lingling0709,2020-07-28 22:08:23
100010429536,3999.00,RedmiBook 13 全面屏超轻薄(第十代英特尔酷睿i5-10210U 8G 512G MX250 2G)银 手提 笔记本电脑 小米 红米,14469516114,"运行速度：开机速度杠杠滴！8秒开机，速度击败了99%的用户
屏幕效果：屏幕大小合适，显示清晰，液晶屏磨砂质感，很高级
散热性能：这台笔记本买来是在家办公用的，不需要太强大的散热功能，连续使用3-4小时后都不会很烫，散热应该还算可以
外形外观：外形整体是磨砂质感，灰色的主色调，黑色的按键，视觉上、手感上都很高级。
轻薄程度：轻薄，携带方便",5,201,s***0,2020-07-28 21:54:50
100010429536,3999.00,RedmiBook 13 全面屏超轻薄(第十代英特尔酷睿i5-10210U 8G 512G MX250 2G)银 手提 笔记本电脑 小米 红米,14469466649,"运行速度：快
屏幕效果：色彩艳丽
外形外观：时尚
轻薄程度：很轻薄",5,0,j***i,2020-07-28 21:41:36
100010429536,3999.00,RedmiBook 13 全面屏超轻薄(第十代英特尔酷睿i5-10210U 8G 512G MX250 2G)银 手提 笔记本电脑 小米 红米,14469128739,"外形外观：漂亮
运行速度：快，非常流畅
屏幕效果：清晰度十足",5,201,l***2,2020-07-28 20:01:30
100010429536,3999.00,RedmiBook 13 全面屏超轻薄(第十代英特尔酷睿i5-10210U 8G 512G MX250 2G)银 手提 笔记本电脑 小米 红米,14469018833,"运行速度：常规使用很快，开机10秒内，几基本不玩游戏不好评价
屏幕效果：原来用的14--换了16大了很多视觉感好了很多
散热性能：背面以及前方散热，因因为不运行大型程序，所以也感觉不到，没感到多热。
轻薄程度：厚度17，手感一流。
其他特色：因为全面屏的关系，尺寸真的小很多，就比原来14寸的大了一圈而已。尺寸的关系键盘使用舒适度比14寸舒服太多了。
外形外观：银灰色非常大气。因为一直买小米产品，所以选购了小米，或许华为的也不错，但我还是选择了红米",5,201,聪聪_smile,2020-07-28 19:27:24
100010429536,3999.00,RedmiBook 13 全面屏超轻薄(第十代英特尔酷睿i5-10210U 8G 512G MX250 2G)银 手提 笔记本电脑 小米 红米,14468950656,"轻薄程度：挺轻巧的
运行速度：快
屏幕效果：清晰
外形外观：满意",5,201,y***e,2020-07-28 19:07:33
100010429536,3999.00,RedmiBook 13 全面屏超轻薄(第十代英特尔酷睿i5-10210U 8G 512G MX250 2G)银 手提 笔记本电脑 小米 红米,14468547423,刚买就卡死，售后也不到位失望了,1,0,s***6,2020-07-28 17:17:08
100010429536,3999.00,RedmiBook 13 全面屏超轻薄(第十代英特尔酷睿i5-10210U 8G 512G MX250 2G)银 手提 笔记本电脑 小米 红米,14468524711,运行速度快，屏幕效果好，散热性能佳，外形外观美，轻薄程度好，总之就是好，一句话概括，我还是那个忠实的米粉。,5,0,j***P,2020-07-28 17:05:21
100010429536,3999.00,RedmiBook 13 全面屏超轻薄(第十代英特尔酷睿i5-10210U 8G 512G MX250 2G)银 手提 笔记本电脑 小米 红米,14468459836,刚买了就降价，??,3,0,c***i,2020-07-28 16:48:33
100007818806,4699.00,"	
荣耀笔记本电脑Magic",14311166826,"运行速度：快，准，爽！
屏幕效果：清，亮，舒！
散热性能：好，佳，凉！
外形外观：美，大，标！
轻薄程度：轻，薄，平！
其他特色：一句话，令人满意！",5,201,慧煌,2020-06-19 20:48:02
100007818806,4699.00,"	
荣耀笔记本电脑Magic",14306054145,物流很快，下单第二天就到货了。16寸的宽屏感觉非常棒，百分百RGB全面屏的效果果然不一样，而且还是窄边框，屏占比非常大，用来写代码或者上网课很合适。机器的分量不算重，外壳有金属质感，非常薄，做工下功夫了。office激活时遇到些问题，客服很热心的帮忙解决了，非常感谢。键盘的手感一般，可能是太薄了所以键程太短，不如以前thinkpad的键盘手感好。总体来说是款非常好的本，华为产品能做到这样真心赞?希望越来越好！,5,201,shining917,2020-06-18 23:55:42
100007818806,4699.00,"	
荣耀笔记本电脑Magic",13798935782,运行速度快，外观轻薄，续航能力长，基本上可以达到8个小时。目前没有什么缺点，屏幕也非常亮丽。内存够大，运行多个软件没有任何问题。键盘手感偏软。触摸板超级好用，基本上不用鼠标，也可以流畅的操作电脑。和华为手机相连，可以实现快速分享，快速传照片，非常实用。缺点就是硬盘太小，需要自行增加硬盘，如果可以达到1t上，那就更完美了。因为我买电脑主要用于办公。不玩游戏，所以显卡对我来说也够用了。,5,201,r***p,2020-02-13 20:38:14
100007818806,4699.00,"	
荣耀笔记本电脑Magic",13231479692,"东西到货了，昨天晚上抢到的，四秒钟就卖没了，真幸运，哈哈哈。
屏幕方面，14英寸的 IPS 防眩光屏，分辨率为19201080，国家认证护眼模式，有效漫反射掉刺眼的光线，过滤有害蓝光，让长久凝视电脑的人群眼睛不会疲惫，更加舒适。
电量给力！内置57.4Wh大电池，日常续航提升15％，半小时可充入40％电量，其电源适配器也特别小巧，跟手机充电头差不多，而且可为手机充电，也就是说出门只需带一个充电器就足够，便携性很高。
**价值749元正版 Office 简装，可以免费使用，省去后续再安装的繁琐。",5,201,重启中哈哈哈,2019-09-16 18:00:05
100007818806,4699.00,"	
荣耀笔记本电脑Magic",13075611748,16寸，超薄笔记本，满配mx250，手机电脑通用充电器，指纹解锁全面屏，只要5999，同价位系列无敌手。全高清IPs防炫光护眼屏，100%色域很惊艳，关键是魔法一碰传输非常实用，双风扇散热，吊打华为matebook14。亲弟弟灭了哥哥，很给力。,5,201,就睡觉啊那就啊聚聚,2019-08-02 08:13:26
100007818806,4699.00,"	
荣耀笔记本电脑Magic",14308477241,此电脑外观筒洁大方，屏幕够大，显示清晰，配置高大上，健盘手感很好，上网课，追剧必备神器。,5,0,jd_137982dybt,2020-06-19 13:01:02
100007818806,4699.00,"	
荣耀笔记本电脑Magic",14272053991,"运行速度：快
屏幕效果：极度舒适
散热性能：未激活运行无发热情况
外形外观：精致、手感细腻
轻薄程度：轻巧便携无厚重感
其他特色：外形漂亮，屏幕尺寸适中气派",5,201,摇滚乙己,2020-06-12 01:50:37
100007818806,4699.00,"	
荣耀笔记本电脑Magic",14172653758,"运行速度：非常快，流畅，表现不错。
屏幕效果：色彩偏暖，看起来会很舒服。
散热性能：目前还没有真实感觉，基本不玩游戏，后面看看视频试下效果。
外形外观：外观没得说，个人觉得最好看的本子，没有之一。
轻薄程度：超出预期，16的本子能这么轻确实很意外。
其他特色：多屏互动很香，就是奔着这个功能来的，家里三部华为手机以后传文件会很方便。",5,0,专***4,2020-05-19 21:56:53
100007818806,4699.00,"	
荣耀笔记本电脑Magic",13709319627,"运行速度：非常快 
屏幕效果：挺不错的 我也不太懂 但我相信华为
散热性能：散热可以 
外形外观：太漂亮了
轻薄程度：不算沉 我认为重量正好
其他特色：我非常喜欢",5,103,与你_9,2020-01-11 11:49:54
100007818806,4699.00,"	
荣耀笔记本电脑Magic",13082619721,"国货精品，等了好久终于迎来了magicbook pro首发，果断预约，29凌晨开抢，30号傍晚收到，收货过程发现外包装损坏，被戳了个窟窿，瞬间心跳了一把，还好开箱机器没事，建议京东电子产品真的该加个外包装箱子，说说机器体验，16.1**全面屏，100%RGB，真的就一个字爽，视觉体验无敌，眼睛?享受啊！机器大小控制的，14寸本本的宽度，机器略加长，尺寸控制的很紧凑，第一眼真不会觉得这是一台16.1寸的轻薄本，键盘的回馈很好，键程舒适，因为对称的桌面音箱，损失了数字键盘，有的可惜，但音质和音效得到了全面提升，眼睛和耳朵都得到了满足，还要要什么数字键盘，哈哈哈，配置主流，散热ok,对得上办公影音娱乐本的称号，最后，支持国货，哈哈哈！",5,201,不需剪接,2019-08-04 11:20:24
100014176314,5499.00,联想ThinkPad E15（0NCD）英特尔酷睿i5 15.6英寸轻薄笔记本电脑(i5-10210U 16G 512GSSD 2G独显 FHD)黑,14445475839,电脑是20号下单的，21号到的，快递速度还是很快的。电脑包装完整，无破损。i5的处理器，开机速度，运行速度还可以。屏幕15.6寸的很适合玩游戏，看电影。用了一下午，电脑稍微有点发烫，可以接受的范围。外观是thinkpad的经典型。电脑很轻薄。对于价格来说，物超所值。,5,0,乘***孩,2020-07-22 11:49:24
100014176314,5499.00,联想ThinkPad E15（0NCD）英特尔酷睿i5 15.6英寸轻薄笔记本电脑(i5-10210U 16G 512GSSD 2G独显 FHD)黑,14362709108,"运行速度：非常快，办公用，只装常用办公软件，开机5秒。
屏幕效果：因为显卡不错，屏幕很清晰，视野宽阔。
散热性能：挺好，最长用6小时，主机未发热。但充电器发热。
外形外观：很商务，ThinkPad常见设计，但是配置还可以。
轻薄程度：不是轻薄本，能接受这个厚度。
其他特色：刚用一周左右，键盘使用很舒服，码字流畅，做流程图也很棒。",5,201,x***1,2020-06-30 13:42:53
100014176314,5499.00,联想ThinkPad E15（0NCD）英特尔酷睿i5 15.6英寸轻薄笔记本电脑(i5-10210U 16G 512GSSD 2G独显 FHD)黑,13859506562,开机很快，画面很清晰。一开始还不太熟悉。电脑很轻，很薄。价格也不错。就差个包了。,5,0,z***9,2020-03-01 15:37:01
100014176314,5499.00,联想ThinkPad E15（0NCD）英特尔酷睿i5 15.6英寸轻薄笔记本电脑(i5-10210U 16G 512GSSD 2G独显 FHD)黑,14314744052,运行速度还是可以，激活后感觉里面啥也没有真的非常干净，后续需要熟悉win10怎么用后就方便了，现在这个效果看外观没有问题，不是特别轻薄，性能应该一般，但是已经非常不错了！性价比非常高的一个产品！值得推荐给大家！,5,201,Q***G,2020-06-20 13:30:52
100014176314,5499.00,联想ThinkPad E15（0NCD）英特尔酷睿i5 15.6英寸轻薄笔记本电脑(i5-10210U 16G 512GSSD 2G独显 FHD)黑,14302699468,"过去一直用IBM的笔记本，现在一直很留恋。也一直很信赖这个品牌，虽然现在，但依然选择了他。尤其是小红帽最让人称赞。整体感觉非常棒。
运行速度：飞快的。
屏幕效果：看起来非常舒服，也很醒目。
散热性能：目前还没发现发热过大。
外形外观：外形没得说，虽然不是经典的黑，但是也很酷。
轻薄程度：不算非常轻薄，但是已经很棒。",5,103,善财14319,2020-06-18 14:49:53
100014176314,5499.00,联想ThinkPad E15（0NCD）英特尔酷睿i5 15.6英寸轻薄笔记本电脑(i5-10210U 16G 512GSSD 2G独显 FHD)黑,14370023513,"外形外观：金属质感强，质量好，银色很漂亮，大气。
轻薄程度：轻薄款，不算重，携带方便。
运行速度：速度很快，开机时问10秒，很流畅，就是对win10操作不熟悉，以后要学习。
屏幕效果：清晰度、亮度、色彩都不错，看起来很舒服。
散热性能：下方有散热口，热度一般，准备购买个支架，这样便于散热。
其他特色：整体上不错，很适合办公用，618活动优惠力度大，性价比高，IT朋友力推的品牌，",5,201,筱风绫,2020-07-02 10:46:15
100014176314,5499.00,联想ThinkPad E15（0NCD）英特尔酷睿i5 15.6英寸轻薄笔记本电脑(i5-10210U 16G 512GSSD 2G独显 FHD)黑,14246432489,京东自营物流非常棒，收到电脑孩子非常喜欢，银色外观非常年轻，开机很快，散热也好，这次购物很愉快！,5,103,z***3,2020-06-06 16:23:47
100014176314,5499.00,联想ThinkPad E15（0NCD）英特尔酷睿i5 15.6英寸轻薄笔记本电脑(i5-10210U 16G 512GSSD 2G独显 FHD)黑,14238446692,电脑挺好看的，固态容量不错，速度挺快，不卡顿，ThinkPad质量很不错。,5,201,j***i,2020-06-04 20:53:08
100014176314,5499.00,联想ThinkPad E15（0NCD）英特尔酷睿i5 15.6英寸轻薄笔记本电脑(i5-10210U 16G 512GSSD 2G独显 FHD)黑,13831573290,物理很快的，寄到农村也是第二天到了，包装的不错，几层包装，有胶袋有纸箱，开机也有语音安装，很简单方便，具体效果如何还不知道，暂时还没怎么用，暂时觉得还可以，没有什么瑕疵，搞活动买的，觉得非常值了，希望好用。,5,201,j***f,2020-02-23 16:06:33
100014176314,5499.00,联想ThinkPad E15（0NCD）英特尔酷睿i5 15.6英寸轻薄笔记本电脑(i5-10210U 16G 512GSSD 2G独显 FHD)黑,13978295257,"运行速度：很快
屏幕效果：很喜欢Thinkpad   细节做得很舒服
外形外观：很好看   不过感觉很硬朗  不太适合女孩子啊
其他特色：很喜欢",5,0,玛丽莲MeeIN,2020-03-31 11:20:24
41343792873,4566.00,联想（Lenovo）小新Air14 锐龙版 2020全面屏金属超轻薄笔记本电脑 6核12线程 R5-4600U 16G 512G固态 深空灰 高效办公套装,14469501131,电脑是用来上网课的，外观性能够用。不打游戏，足够用，差不多够了。,5,201,jd_185*****388,2020-07-28 21:51:35
41343792873,4566.00,联想（Lenovo）小新Air14 锐龙版 2020全面屏金属超轻薄笔记本电脑 6核12线程 R5-4600U 16G 512G固态 深空灰 高效办公套装,14469089977,也不知道是为了啥子买这个电脑，买到一个月11天，机都来不了了，还要自己拿出去修，诶，又耽误时间又浪费精力！,1,103,j***8,2020-07-28 19:49:32
41343792873,4566.00,联想（Lenovo）小新Air14 锐龙版 2020全面屏金属超轻薄笔记本电脑 6核12线程 R5-4600U 16G 512G固态 深空灰 高效办公套装,14468831345,客服态度很好，很耐心，向客服问了许多问题，发货速度挺快哒，物流也不错，配件很齐全，基本上够用了，电脑用鲁大师测了一下，跑分相当高！系统是win10旗舰版64位的，显卡很给力！估计当游戏本都没问题咯！哈哈，有朋友要买笔记本的话还来这家！！ 过段时间来追评哈！希望售后给力点！,5,201,我叫LALALA,2020-07-28 18:28:50
41343792873,4566.00,联想（Lenovo）小新Air14 锐龙版 2020全面屏金属超轻薄笔记本电脑 6核12线程 R5-4600U 16G 512G固态 深空灰 高效办公套装,14468811636,外形很漂亮呀 做工还可以 各方面都不错 性价比很高了 目前没有发现很大的问题,5,0,液***w,2020-07-28 18:22:59
41343792873,4566.00,联想（Lenovo）小新Air14 锐龙版 2020全面屏金属超轻薄笔记本电脑 6核12线程 R5-4600U 16G 512G固态 深空灰 高效办公套装,14467919786,用了几天，感觉不错，不玩游戏的话不怎么卡顿，内存，储存都是三星的，屏幕有一个坏点，键盘还行，电池没有一些人说的那么不堪，活动4000买的，在这个价位感觉性价比很不错了！虽然没有华为的同屏协同，如果有更好了，接口的话也很多,5,101,jd_147958irk,2020-07-28 14:27:26
41343792873,4566.00,联想（Lenovo）小新Air14 锐龙版 2020全面屏金属超轻薄笔记本电脑 6核12线程 R5-4600U 16G 512G固态 深空灰 高效办公套装,14467442819,整体外观还好，物流速度够快,5,0,N***M,2020-07-28 12:15:33
41343792873,4566.00,联想（Lenovo）小新Air14 锐龙版 2020全面屏金属超轻薄笔记本电脑 6核12线程 R5-4600U 16G 512G固态 深空灰 高效办公套装,14467273851,"运行速度：比较快
屏幕效果：可以
轻薄程度：一般般
外形外观：很帅气
其他特色：看起来挺好的
散热性能：比较好",5,0,jd_152700teuq,2020-07-28 11:32:16
41343792873,4566.00,联想（Lenovo）小新Air14 锐龙版 2020全面屏金属超轻薄笔记本电脑 6核12线程 R5-4600U 16G 512G固态 深空灰 高效办公套装,14465714327,"运行速度：快
屏幕效果：一般
散热性能：一般
外形外观：好
轻薄程度：较轻较薄",5,0,jd_152600jmk,2020-07-27 21:35:11
41343792873,4566.00,联想（Lenovo）小新Air14 锐龙版 2020全面屏金属超轻薄笔记本电脑 6核12线程 R5-4600U 16G 512G固态 深空灰 高效办公套装,14464697499,轻便，续航能力很强，充满电放本地视频能用10个小时，开视频会议能用5个小时，日常办公没问题,5,0,jd_156709uyu,2020-07-27 16:48:46
41343792873,4566.00,联想（Lenovo）小新Air14 锐龙版 2020全面屏金属超轻薄笔记本电脑 6核12线程 R5-4600U 16G 512G固态 深空灰 高效办公套装,14464695532,质量挺好的，刚收到就来倒腾，刚来很多问题，感谢客服解决，轻薄有小，正合我意，喜欢,5,0,倾心时光yy,2020-07-27 16:48:28
4681992,28.00,"	
得力(deli)6本B5/60张牛皮纸软抄本 缝线记事本笔记本子文具办公用品 33387",13988718806,快速速度可谓相当之快！！包装也很好有两种颜色，四本灰白色的，两本黑色的，一共六本很实惠了，刚好最近培训要做的笔记很多，六本够用了，最喜欢黑色的本子，很有格调，试用钢笔写了一页，也没有透墨，质量可谓很好了！,5,201,陆九页,2020-04-02 22:50:31
4681992,28.00,"	
得力(deli)6本B5/60张牛皮纸软抄本 缝线记事本笔记本子文具办公用品 33387",14043547224,"产品质感：产品质量特别好，颜色种类多，可以分类用来使用，很实用
厚薄程度：厚度偏向于薄款但纸张数又不是那么少，反正面都可以书写，真的很节约材质
尺寸大小：尺寸和A4纸相差不大，可以用学生做笔记，也可用于办公族做工作日志
产品设计：产品设计突出精简特点，价格实惠质量较高
其他特色：质量较轻，携带方便",5,201,胡长宝92,2020-04-17 09:10:28
4681992,28.00,"	
得力(deli)6本B5/60张牛皮纸软抄本 缝线记事本笔记本子文具办公用品 33387",13870730023,本子有60页  纸质也可以  比孩子的书本小一圈  比a4纸小两三圈  封面简单大方  硬皮  孩子很满意  疫情期间  没有办法出门买本子   京东很方便  我们这里开始网课后  这款缺货了好长时间  幸亏我下手早了半天,5,201,c***3,2020-03-04 10:06:22
4681992,28.00,"	
得力(deli)6本B5/60张牛皮纸软抄本 缝线记事本笔记本子文具办公用品 33387",13647253963,"说实话，感觉这个本子挺好的，价格也比较便宜，性价比很高大小，刚刚好非常适合拿来记笔记，手感也很不错，颜色也比较发黄，不是那种纯白色的比较护眼，整体来说感觉非常不错。
厚薄程度：刚刚好吧
尺寸大小：a5还是多大来着 刚刚好",5,201,jd138896dfi,2019-12-26 08:25:22
4681992,28.00,"	
得力(deli)6本B5/60张牛皮纸软抄本 缝线记事本笔记本子文具办公用品 33387",13844911428,绝对的美物，拿到手里，光看都明白是不是好的。本子的大小应该是B5纸的大小，牛皮纸的本皮儿，触摸起来就非常喜欢，打开本，里面?张的质量也非常好。本子比较后，设计简单大方，真是非常喜欢，带了两个进行学习，写起来也舒适。不错?,5,201,j***e,2020-02-26 22:18:19
4681992,28.00,"	
得力(deli)6本B5/60张牛皮纸软抄本 缝线记事本笔记本子文具办公用品 33387",13981467478,"产品质感：产品质感十足，非常喜欢的一款产品。
厚薄程度：厚度适中，手感很舒服和细腻，书写流畅不卡顿，好用的一款笔记本。
尺寸大小：大小尺寸合乎规格，尺寸足够。
产品设计：设计合理，左右翻页顺手，孩子满意。
其他特色：总之是一款非常不错的笔记本，孩子很喜欢，推荐这家给大家，放心购买。",5,203,jd_133834zka,2020-04-01 08:03:20
4681992,28.00,"	
得力(deli)6本B5/60张牛皮纸软抄本 缝线记事本笔记本子文具办公用品 33387",14280938099,"产品质感：皮质很好，摸起来特别舒服，看起来更是简介有品位
厚薄程度：轻薄够用
尺寸大小：做笔记最佳尺寸，背包也可以放下
产品设计：简约，现代气息十足。总之很美的一个本子
其他特色：剥壳很软，颜色让人很舒适的感觉。整体上没啥瑕疵，纸质也很好，写起字来也顺畅很多。",5,201,十年6991,2020-06-14 08:04:13
4681992,28.00,"	
得力(deli)6本B5/60张牛皮纸软抄本 缝线记事本笔记本子文具办公用品 33387",14322353613,"产品质感：这款笔记本质感非凡，非常高端，专业，大气，上档次，很有内涵和创意。
厚薄程度：这款是加厚的，非常厚实，质量重，比较适合作长久记录用。
尺寸大小：A5的本子，很好和你一样吗。
产品设计：这个本子的设计很专业，很有创意，非常不错，简约不失内涵，高端又不奢华，好吧好吧。",5,201,jd153530kmg,2020-06-21 17:50:59
4681992,28.00,"	
得力(deli)6本B5/60张牛皮纸软抄本 缝线记事本笔记本子文具办公用品 33387",13732420369,"产品质感：特别好
厚薄程度：很不错
尺寸大小：超奈斯
产品设计：很给力！
其他特色：一次性批量购买多种办公用品，京东物流很快，产品每一件都超级好，让我对得力品牌再一次钦佩，价格亲民，但品质绝不亲民，一切都那么美好，本子好，订书器好，卷尺好，盒子也好，档案袋更好，每一件都有一种艺术品的感觉，加在一起才几百块钱，很经济，又很有品质的一次购物体验，感谢京东，感谢得力！",5,201,非凡De小手,2020-01-17 08:55:53
4681992,28.00,"	
得力(deli)6本B5/60张牛皮纸软抄本 缝线记事本笔记本子文具办公用品 33387",13171594826,小时候读书不努力，写作文完全靠编，上了100字就靠标点符号来凑了。何况现在上了年纪，手懒了，嘴不利索了。那就简单说一下 物美价廉质量好 下次还会继续购买。,5,201,jd_135778qee,2019-08-30 18:01:02
100011045982,4599.00,华为(HUAWEI)MateBook 13 锐龙版 全面屏轻薄笔记本电脑 (AMD R5 16+512GB 集显 Office 2K )银,13821224083,"运行速度：非常快，开机20秒左右。指纹识别解锁也非常快，识别较好。
屏幕效果：清晰度高，色彩还原度高。
散热性能：因为冬天，开机3小时未感到热。
外形外观：满意！孩子特满意。
轻薄程度：非常小巧，大小和A4纸差不多。
在疫情还没结束，做到三天到货，非常的不容易。键盘比较大，触感舒适，办公非常合适。",5,0,majing0802,2020-02-20 19:28:47
100011045982,4599.00,华为(HUAWEI)MateBook 13 锐龙版 全面屏轻薄笔记本电脑 (AMD R5 16+512GB 集显 Office 2K )银,14348372094,"运行速度：好快好快
屏幕效果：双色域，显色特别好，太爱了
散热性能：散热比一般电脑好很多，不过如果使用还是价格散热器比较好
外形外观：太好看了，颜值在线，强烈推荐
其他特色：多屏协同真好用，不过还需要熟练，有很多功能技巧，慢慢摸索
轻薄程度：很轻薄，携带方便，出门或者女生推荐
送了拓展坞，电脑机身插口较少 所以拓展坞必不可少，小乔桥巧轻薄，太好啦",5,201,JD-1850,2020-06-27 07:31:31
100011045982,4599.00,华为(HUAWEI)MateBook 13 锐龙版 全面屏轻薄笔记本电脑 (AMD R5 16+512GB 集显 Office 2K )银,13820866190,"非常满意！！！目前打满分。开始时激活office遇到了问题，在线客服解决的很到位，在远程指导下顺利激活了office，非常赞！
屏幕效果：非常清晰，2K屏很好
散热性能：没发现问题
运行速度：快啊
外形外观：很漂亮的
轻薄程度：非常纤薄，大爱
缺点：可能因为太薄的缘故，机身没有USB接口，接U盘需要随机附带的转接头。比较担心可能在有些时候忘了带。
经同学推荐买的华为笔记本，使用AMD CPU，性价比非常好，为了买这个本子，还特地花了几十元升级了Plus用户，还是值的！本子经济实惠，外观大气，待机时间长，屏幕清晰，强力推荐！",5,201,s***a,2020-02-20 17:49:26
100011045982,4599.00,华为(HUAWEI)MateBook 13 锐龙版 全面屏轻薄笔记本电脑 (AMD R5 16+512GB 集显 Office 2K )银,13992699574,"【外行外观】:第一次用华为的笔电，开箱的一刹那被matebook13的外观惊艳到，金属质感十足，靓且超薄，华为的做工真可谓国货之光！
【运行速度】配合win10家庭版速度还是杠杠的，开机秒启动，AMD处理器+16Gb内存512固态日常办公足矣，AMD支持多任务。
【轻薄程度】电脑13寸，携带起来还是想当便捷。日常办公续航也不错。确实是薄到极致。
【特色】有个华为快传由于没有华为手机没有体验到。
【散热性能】由于笔记本薄，散热口在笔记本下端，有笔记本防滑垫垫起来的缝隙，总体散就散热还能接受，毕竟薄！",5,201,jd云海圣,2020-04-04 01:07:39
100011045982,4599.00,华为(HUAWEI)MateBook 13 锐龙版 全面屏轻薄笔记本电脑 (AMD R5 16+512GB 集显 Office 2K )银,14413158487,打开太惊艳了，颜值非常高，小巧又精致。office 激活也很顺利，没有评论说的那样。性能等使用一段时间过后再来追评，最后还是想说真的太好看了??,5,203,学***贝,2020-07-13 17:11:18
100011045982,4599.00,华为(HUAWEI)MateBook 13 锐龙版 全面屏轻薄笔记本电脑 (AMD R5 16+512GB 集显 Office 2K )银,14239911925,"运行速度：快，指纹一键开机方便快速
屏幕效果：边，屏幕大，色彩靓丽，高清晰度
散热性能：风扇， 散热快又静音
外形外观：大爱，时尚雅致，爱不释手
轻薄程度：很轻薄，携带方便
其他特色：华为手机电脑一碰即连，传照片很方便",5,0,w***1,2020-06-05 09:12:10
100011045982,4599.00,华为(HUAWEI)MateBook 13 锐龙版 全面屏轻薄笔记本电脑 (AMD R5 16+512GB 集显 Office 2K )银,14318500715,"买给LD办公用，办公室电脑连的内网，不方便，这款电脑够小巧，而且很薄，办公，看电影绰绰有余。对个人隐私也有帮助，指纹解锁。
运行速度：比较快，开机时间短
屏幕效果：显示很清楚，为保护它，还专门买了钢化膜。
外形外观：时尚，简洁
轻薄程度：很薄，去哪都带着，很方便",5,201,饭饭丶丶,2020-06-21 00:44:06
100011045982,4599.00,华为(HUAWEI)MateBook 13 锐龙版 全面屏轻薄笔记本电脑 (AMD R5 16+512GB 集显 Office 2K )银,13980068301,"电脑很漂亮，很薄，不算轻，拿着特别有质感。
电脑配置也不太懂，16G内存，512固态，锐龙5低压本，反正不玩游戏，日常网页Word等工作绰绰有余，想着内存大一点以后可以剪视频，很好啦～
屏幕很满意，看剧刷网页什么的画质特别棒（如懿传是开了灯拍的，一代宗师没开灯，加上电影本来光影就比较暗，其实眼睛看着还好啦！），布局也还哦可。
第一次买电脑，看公众号文章还有知乎推荐，在联想战66和华为matebook13间犹豫，后来买了这个，因为我还有一个荣耀平板吖，华为一碰传很牛皮啊！虽然接入口很少，但有拓展坞哇！充电器也更好用一些（自动狗头）",5,0,山禾诶,2020-03-31 18:54:32
100011045982,4599.00,华为(HUAWEI)MateBook 13 锐龙版 全面屏轻薄笔记本电脑 (AMD R5 16+512GB 集显 Office 2K )银,14313246704,非常好用的电脑！推荐大家购买的！Office激活特别简单，一看就会。电脑桌面是自己下了一个美化插件叫做&ldquo;*****ck&rdquo;，但是由于可能会占运行内存，所以开机启动桌面的时候可能会有5-7秒的延迟启动时间，不过为了这样美美哒桌面，也就牺牲一下时间咯！谁让我是颜值控呢！,5,201,董***g,2020-06-20 09:30:18
100011045982,4599.00,华为(HUAWEI)MateBook 13 锐龙版 全面屏轻薄笔记本电脑 (AMD R5 16+512GB 集显 Office 2K )银,14094765908,"运行速度：运行速度很快，大概五秒左右！
屏幕效果：2k视觉效果很好，唯一遗憾就是屏幕上方摄像头附近有点轻微小掉漆。
散热性能：散热效果非常好，基本没有声音！
外形外观：小巧精致超薄本，高端大气上档次。
轻薄程度：超薄本厚度一公分左右。
其他特色：一直支持华为，没让我失望！",5,201,程驿,2020-04-30 06:51:12
100011177202,5988.00,华为(HUAWEI)MateBook 13 2020款全面屏轻薄性能笔记本电脑 十代酷睿(i5 16G 512G MX250 触控屏 多屏协同)银,14101877356,"运行速度：运行很快，很久没有用笔记本电脑了，在公司一直是固定电脑，现在经常要培训和考试，买一台个人笔记本方便些。自己的电子产品基本都是用的华为，就选了这台，小巧轻便，运行流畅。
屏幕效果：屏幕非常棒，比手机都舒服，2K屏棒棒的。手机直连电脑，第一次用，蛮新颖的。
散热性能：第一次开机激活的时候，慢热的，有声音，激活好了后就控制得很好了，华为品控一直很放心。
外形外观：外形俊朗，很精致，很耐看，虽然不大，但是轻便，很好。
轻薄程度：很薄，真的很薄，很轻，科技含量高，满意。当天就到，京东物流也很棒！",5,201,梁袁灰灰,2020-05-02 06:34:11
100011177202,5988.00,华为(HUAWEI)MateBook 13 2020款全面屏轻薄性能笔记本电脑 十代酷睿(i5 16G 512G MX250 触控屏 多屏协同)银,14275946037,"运行速度：很快，满意
屏幕效果：2K屏，赞
散热性能：需要配一个支架
外形外观：小巧玲珑
轻薄程度：很轻，方便携带
其他特色：触摸屏，超爱",5,201,杨春三月S,2020-06-12 22:29:33
100011177202,5988.00,华为(HUAWEI)MateBook 13 2020款全面屏轻薄性能笔记本电脑 十代酷睿(i5 16G 512G MX250 触控屏 多屏协同)银,13800455678,屏幕非常清晰！做工很棒！华为确实比联想好的多，和IMAC比绝对占上风！很喜欢！加油华为！自己买过华为mate20pro.这次又选择华为笔记本，很满意！看到国产这么棒！很开心！以前我都是用苹果设备！自从用了华为！对他有新的认识！支持国产！支持华为！,5,203,138*****850_p,2020-02-14 13:04:06
100011177202,5988.00,华为(HUAWEI)MateBook 13 2020款全面屏轻薄性能笔记本电脑 十代酷睿(i5 16G 512G MX250 触控屏 多屏协同)银,13832870306,"选了很久，选了这款高分辨率触屏本，
i7-10510U 处理器，MX250 2GB 独立显卡，16GB 内存   ，512GB 固态硬盘，13英寸 2160*1440分辨率， 100%sRGB色域 IPS触屏，厚 14.9mm 重 1.32kg 适配器重 196g，重量女生用还算轻便，2K屏非常舒服，一碰传功能对于经常要用手机电脑传文件的我来说太方便了！总之很推荐！",5,201,v***n,2020-02-23 21:29:45
100011177202,5988.00,华为(HUAWEI)MateBook 13 2020款全面屏轻薄性能笔记本电脑 十代酷睿(i5 16G 512G MX250 触控屏 多屏协同)银,14098188889,"运行速度：神速，非常灵敏。
屏幕效果：分辨率高，清晰度高，色彩鲜艳靓丽不扎眼，柔和舒适。
散热性能：散热性能好，用几个小时没发现笔记本发热。
外形外观：小巧精致，简易大方，圆角弧线完美。背面轻微有点摩擦。
轻薄程度：随着科技不断发展笔记本越来越轻巧，这款笔记本已经很不错了，携带方便。
其他特色：&ldquo;一碰传&rdquo;新技术的应用大大方便了电脑手机的互联，使图片下载文件传输在霎那间完成，这就是&ldquo;中国速度&rdquo;。",5,201,j***v,2020-05-01 01:20:41
100011177202,5988.00,华为(HUAWEI)MateBook 13 2020款全面屏轻薄性能笔记本电脑 十代酷睿(i5 16G 512G MX250 触控屏 多屏协同)银,13789659525,"运行速度：进行飞快，不愧是16g的内存和十代的CPU
屏幕效果：屏幕色彩不错，关键是触屏反应很快，没有鼠标的时候缩放和拖动更加方便。
散热性能：目前没有觉得散热不好。
外形外观：买的13，感觉很不错，便携性max,3:2的屏幕让人感觉比想象中的大。
轻薄程度：看看接口，只能容下typeC，可以想见。
其他特色：自带office很方便上手。",5,201,c***l,2020-02-10 15:55:10
100011177202,5988.00,华为(HUAWEI)MateBook 13 2020款全面屏轻薄性能笔记本电脑 十代酷睿(i5 16G 512G MX250 触控屏 多屏协同)银,13786476357,"轻薄程度：非常轻便小巧
外形外观：非常漂亮
屏幕效果：显示非常清晰
运行速度：快
其他特色：触摸屏，固态硬盘，大内存，新一代处理器，值得！！！",5,103,叶之水煮鱼,2020-02-09 12:31:27
100011177202,5988.00,华为(HUAWEI)MateBook 13 2020款全面屏轻薄性能笔记本电脑 十代酷睿(i5 16G 512G MX250 触控屏 多屏协同)银,13816106581,"运行速度：贼快，16G大内存对称双通道，d4。硬盘是pci-e的
屏幕效果：2K屏就是清，细腻，亮度合适，有自动调节
外形外观：外观大气，精致
轻薄程度：很轻，适合通勤商旅出行便携
其他特色：配合华为手机，一碰传真的强?",5,201,J***s,2020-02-19 12:15:44
100011177202,5988.00,华为(HUAWEI)MateBook 13 2020款全面屏轻薄性能笔记本电脑 十代酷睿(i5 16G 512G MX250 触控屏 多屏协同)银,13801203771,"运行速度：相当快，开机5-8秒，相当强悍，
屏幕效果：显示太棒了，比我以前的笔记本好的不是一点点，非常好
散热性能：用了两天没感觉到风扇声音，本本没发热，期待夏天的表现
外形外观：外观我打100分，非常轻薄，出差开会很方便携带，以前的本本太大太重，有了这个本本，就方便很多了
其他特色：充电很快，而且跟我的华永手机通用一个充电器，还带有一键同屏的功能，电脑上可以直接操作手机，方便的不要不要的。买到这个本本真心非常满意",5,103,jd__隔壁老王,2020-02-14 16:51:25
100011177202,5988.00,华为(HUAWEI)MateBook 13 2020款全面屏轻薄性能笔记本电脑 十代酷睿(i5 16G 512G MX250 触控屏 多屏协同)银,14178020390,"运行速度：开机3秒，运行流畅
屏幕效果：高清不疲倦
外形外观：细节处理很人性化
轻薄程度：像一本薄薄的书，跟小巧",5,201,h***9,2020-05-21 10:55:21
100007161973,4499.00,"	
华硕(ASUS) VivoBook15s 英特尔酷睿i5 新版15.6英寸轻薄笔记本电脑(i5-1035G1 8G 512GSSD MX330 2G独显)银",14324343648,第一次买华硕笔记本，轻薄款，真的很薄很轻。快递送到学校亲自验收的。这个性价比目前来说很高了！运行速度挺快的，自带系统，按照步骤来安装即可。安装需要40分钟左右的时间，需要一点耐心。安装过程可以跟电脑语音对话操作。这款笔记本屏幕很大，我喜欢这种大屏幕的，散热很好，用了三个钟不玩游戏的情况下没有什么发热高温的问题。颜色很喜欢！主要是缺光盘驱动，网线端口，单反相机用的内存卡插槽，就这些用的不太习惯。卡槽插卡的很紧，喇叭设置在电脑底部，感觉能够阻挡一些灰尘，就是音量会稍微减弱一点。充电速度很快，不一会儿就满了，能充满100%。用过几天再看看效果如果，我一般用来办公不玩游戏，应该足够了。,5,201,zmh196169,2020-06-21 23:55:14
100007161973,4499.00,"	
华硕(ASUS) VivoBook15s 英特尔酷睿i5 新版15.6英寸轻薄笔记本电脑(i5-1035G1 8G 512GSSD MX330 2G独显)银",14192288266,"运行速度：快，非常快，适合学习，办公用！！！！
其他特色：启动快，估计7秒不到！
外形外观：漂亮
轻薄程度：很薄，很轻，拿在手上特轻！适合出差人员
散热性能：好，运行2小时沒发热
屏幕效果：亮丽！宽屏窄边",5,103,y***m,2020-05-24 21:43:35
100007161973,4499.00,"	
华硕(ASUS) VivoBook15s 英特尔酷睿i5 新版15.6英寸轻薄笔记本电脑(i5-1035G1 8G 512GSSD MX330 2G独显)银",14170272963,"运行速度：秒开秒关，相当快，牛皮
屏幕效果：自己用，觉得挺好的
外形外观：现在做的很轻薄，比较时尚，个人很喜欢
散热性能：目前用起来很好
轻薄程度：算市场上薄的
其他特色：还送了贴图，挺好的",5,0,回***2,2020-05-19 11:46:18
100007161973,4499.00,"	
华硕(ASUS) VivoBook15s 英特尔酷睿i5 新版15.6英寸轻薄笔记本电脑(i5-1035G1 8G 512GSSD MX330 2G独显)银",14393057581,电脑我用了几天了，感觉很不错，系统运行流畅，开机速度快，外观简洁大方，机身小巧，携带很方便，键盘打字手感很舒服，键盘灯很漂亮，亮度可调，系统安装有语音引导，系统激活了，office暂时没有激活，接口很丰富。朋友看了很喜欢也帮他买了一个，他也很满意。继续推荐?,5,201,s***2,2020-07-08 11:37:27
100007161973,4499.00,"	
华硕(ASUS) VivoBook15s 英特尔酷睿i5 新版15.6英寸轻薄笔记本电脑(i5-1035G1 8G 512GSSD MX330 2G独显)银",14198268465,"运行速度：很利索，有用苹果的质感
屏幕效果：有华硕特有的软件调校模式，颜色鲜艳，一定程度弥补了屏幕本身色域较低的缺陷，动态效果优化等模式，画面处理细腻，值得点赞！
外形外观：设计时尚，大小刚好，屏幕超窄边框，键盘相对紧凑，胜在也挤得进小键盘，用心设计的一款本子。
散热性能：未运行过游戏，但看后端一整排的散热排气孔散热性能估计应该不错，要知道很多游戏本都没这种设计。
轻薄程度：一个字：薄！特别是屏幕。",5,103,n***o,2020-05-26 12:57:47
100007161973,4499.00,"	
华硕(ASUS) VivoBook15s 英特尔酷睿i5 新版15.6英寸轻薄笔记本电脑(i5-1035G1 8G 512GSSD MX330 2G独显)银",14228645257,"运行速度：运行速度快！不卡顿！
轻薄程度：便携式，轻薄本！便于办公携带！
屏幕效果：屏幕分辨率超清！无任何问题！
其他特色：华硕电脑采用立体声扬声器?音质非常好！满足音乐爱好者的需求与喜爱??
散热性能：散热效果较好！声音小！不会影响人们办公！
外形外观：外形设计风格非常棒！加有小翘角，加速散热！
华硕笔记本电脑性能非常不错?买电脑就选华硕！ASUS！
华硕品质，坚若磐石！???",5,103,jd_187294kit,2020-06-02 20:48:31
100007161973,4499.00,"	
华硕(ASUS) VivoBook15s 英特尔酷睿i5 新版15.6英寸轻薄笔记本电脑(i5-1035G1 8G 512GSSD MX330 2G独显)银",14236977712,"运行速度：开机、关机，运行速度杠杠滴
屏幕效果：很清晰，视觉效果很棒??
散热性能：连续用7个小时.一点都不热
外形外观：15.6寸的大屏，很不错，usb接口设计也很好
轻薄程度：轻薄，适合外出携带办公
其他特色：用了两天才过来评价，体验效果不错，我得旧电脑光荣下岗，以后就用我得vivobook啦。",5,201,m***6,2020-06-04 15:29:25
100007161973,4499.00,"	
华硕(ASUS) VivoBook15s 英特尔酷睿i5 新版15.6英寸轻薄笔记本电脑(i5-1035G1 8G 512GSSD MX330 2G独显)银",14282848106,"运行速度：最新酷睿I7十代处理器，运行能力强，发热量小
轻薄程度：超薄机身设计，高端大气
外形外观：金属材质外壳，彰显品质规格，手感很好",5,201,到处走走_随便逛逛,2020-06-14 15:24:14
100007161973,4499.00,"	
华硕(ASUS) VivoBook15s 英特尔酷睿i5 新版15.6英寸轻薄笔记本电脑(i5-1035G1 8G 512GSSD MX330 2G独显)银",14044836571,"运行速度：还没装其他软件，大概8秒开机。
屏幕效果：屏幕干净漂亮，很满意。
散热性能：风扇声音小，比较静音。
外形外观：磨砂金属A面，超漂亮！
轻薄程度：非常轻薄，便携。
其他特色：激活系统全程语音提示，非常方便，如果愿意进行磁盘分区，在操作系统下利用磁盘工具进行，很简单。office激活比较麻烦，需要步凑较多。键盘背光炫酷漂亮，可以自行用F7开启或者关闭。",5,0,jd_189902orb,2020-04-17 14:32:49
100007161973,4499.00,"	
华硕(ASUS) VivoBook15s 英特尔酷睿i5 新版15.6英寸轻薄笔记本电脑(i5-1035G1 8G 512GSSD MX330 2G独显)银",14210008150,物流快，电脑开机也很快，用了几天觉得还不错，外观大气漂亮轻便，性价比很高，适合年轻人使用。散热也不错，不卡顿，非常值得推荐，办公学习上网课完全没问题。,5,201,j***t,2020-05-29 13:42:59
100006546527,4299.00,戴尔DELL灵越5000 14英寸酷睿i5网课学习轻薄笔记本电脑(十代i5-1035G1 8G 512G MX230 2G独显)银,14164149589,包装完好，服务态度好，送货速度，收到试用了2天才来评价的，笔记本电脑灰色的，外形和颜色漂亮，轻薄便于携带，更适合女生，开机很快，链接网络快，一边在线追剧，一边玩QQ小游戏，电脑运行速度很快，不卡顿，散热好，屏幕分辨率高，色彩鲜艳，音效好，下载视频快，100%电量追剧2.5小时左右，键盘灵敏度高，还有无线同品牌鼠标赠送，挑了很久才选的这台电脑，很是喜欢，完美购物！,5,103,木***1,2020-05-17 20:15:36
100006546527,4299.00,戴尔DELL灵越5000 14英寸酷睿i5网课学习轻薄笔记本电脑(十代i5-1035G1 8G 512G MX230 2G独显)银,14211551804,"运行速度：目前使用 非常好 新电脑 给力
屏幕效果：视觉很好 看着色彩 很舒服 屏幕大小合适
散热性能：目前是蛮好 不会很热 笔记本散热都是这样
外形外观：外观是我喜欢的款式 简单大方
轻薄程度：厚薄也是合适 重量不重 女孩子很合适 
超级满意 超级 喜欢",5,0,陽陽李李,2020-05-29 20:44:41
100006546527,4299.00,戴尔DELL灵越5000 14英寸酷睿i5网课学习轻薄笔记本电脑(十代i5-1035G1 8G 512G MX230 2G独显)银,14211403212,对于我一个学生来说，在京东入手了Dell/戴尔灵越5493笔记本，平时码码，做作业，上网课都够用，14寸，很轻巧，平时方便携带，窄边框，屏幕清晰，看久了眼睛不疲劳。最重要性价比很高。,5,101,钫钾,2020-05-29 20:03:09
100006546527,4299.00,戴尔DELL灵越5000 14英寸酷睿i5网课学习轻薄笔记本电脑(十代i5-1035G1 8G 512G MX230 2G独显)银,13807126644,这个笔记本电脑关注了很久了，终于下单了，运行速度飞快，屏幕效果靓丽，散热性能很好，外观时尚大方，关键是还非常轻薄，便于携带，买戴尔电脑主要是看中了它的售后服务，他是可以做到整机的两年质保，别的品牌都是一年，相信大品牌，一直在用戴尔的电脑，整体性能非常稳定，适合家用和办公，良好的售后服务，24小时电话热线，实时技术支持，让人非常满意。,5,201,m***8,2020-02-16 15:53:12
100006546527,4299.00,戴尔DELL灵越5000 14英寸酷睿i5网课学习轻薄笔记本电脑(十代i5-1035G1 8G 512G MX230 2G独显)银,14091874346,"运行速度：i7速度很快，没有下载游戏，办公速度无敌，方便，快捷
屏幕效果：显示很清晰舒服，看久一点视觉也没有疲劳的感觉，这个比之前的效果好很多，保护视力
轻薄程度：重量真的很轻便，办公做坐久了累了，直接拿着放在腿上坐在床上办公，轻快，好用，便捷
散热性能：办公久了或者打开程序多了，散热效果还行，就是风扇声音会大一点，不过也可以接受。",5,201,展啊展啊,2020-04-29 11:22:42
100006546527,4299.00,戴尔DELL灵越5000 14英寸酷睿i5网课学习轻薄笔记本电脑(十代i5-1035G1 8G 512G MX230 2G独显)银,14268900742,使用了一段时间，运行速度也是杠杠的。手感也是非常舒适。特别是4K超清的电影，那简直是面对面，很细腻。散热性能是很多人想要问的，其实挺好的，我不打游戏，纯办公，安静很。有个快捷功能，个人感觉挺好，就是揭开盖子，直接开机。挺方便。,5,203,chaoqunccq,2020-06-11 12:01:31
100006546527,4299.00,戴尔DELL灵越5000 14英寸酷睿i5网课学习轻薄笔记本电脑(十代i5-1035G1 8G 512G MX230 2G独显)银,14164209684,服务态度超级好，送货超级速度，上午下的单，下午就送来了，京东送货就是快，包装完好，电脑外型美观，灰色没有瑕疵，14寸大小刚刚好，颜色漂亮，便于携带，运行速度很快，视频色彩鲜明，音效好，赠送的鼠标小巧精致，是戴尔品牌的，灵敏度高，相信京东，开心购物！,5,103,木***1,2020-05-17 20:31:11
100006546527,4299.00,戴尔DELL灵越5000 14英寸酷睿i5网课学习轻薄笔记本电脑(十代i5-1035G1 8G 512G MX230 2G独显)银,14428004916,家里现有笔记本电脑都用快8年了，反应很慢。现在办公时间多，有时需要在家办公，还有时会出差。于是就打算换一个电脑。就在京东商城浏览，选中了戴尔灵越系列电脑。买电脑也要看品牌和售后，于是我就选戴尔这个大品牌。下单后次日到货，我选的薄荷绿色，但是颜色很浅，键盘是黑色的，我喜欢黑色的键盘就多花了100选的绿色这款。使用了几天，还行，客服很好，很耐心的指导我做电脑开荒操作。,5,201,兰宝石288,2020-07-17 17:25:03
100006546527,4299.00,戴尔DELL灵越5000 14英寸酷睿i5网课学习轻薄笔记本电脑(十代i5-1035G1 8G 512G MX230 2G独显)银,14139155136,"i5十代速度很快，没有下载游戏，办公速度无敌，方便，快捷
显示很清晰舒服，看久一点视觉也没有疲劳的感觉，这个比之前的效果好很多，保护视力
重量真的很轻便，办公做坐久了累了，直接拿着放在腿上坐在床上办公，轻快，好用，便捷
办公久了或者打开程序多了，散热效果可以的，满意",5,0,石***店,2020-05-11 14:44:56
100006546527,4299.00,戴尔DELL灵越5000 14英寸酷睿i5网课学习轻薄笔记本电脑(十代i5-1035G1 8G 512G MX230 2G独显)银,14240954885,"运行速度：很快
屏幕效果：分辨率很高，很清晰
散热性能：散热风扇很强劲，不是侧面散热，插优盘也不烫
外形外观：轻薄时尚，很有档次
轻薄程度：应该还不到三斤重，这个价位的已经是很轻便了",5,0,j***d,2020-06-05 12:55:30
100006051933,5009.00,华为(HUAWEI)MateBook D 14全面屏轻薄笔记本电脑多屏协同便携超级快充(i5-10210U 16G+512G 独显)银,14431407500,"运行速度：新电脑，速度快，高效，京东华为。用电脑管家测试了非常棒。不过还要看，使用一段时间的效果。相信华为品质，中国芯，华为造。京东卖中国第一流的产品。加油！加油，中国制造，让中国的国民为之而骄傲。
屏幕效果：买了灰色，华为商城叫深空灰，比银色好看多了。原本在华为商城买，后面还是选择了京东自营华为店。屏幕超薄，等一台电脑是2008年买的，Thinkpad现在买的新电脑，完全是不一样，不管是屏幕还是硬件，软件都要好上几十倍，感叹中国科技的发达。",5,201,m***9,2020-07-18 16:20:48
100006051933,5009.00,华为(HUAWEI)MateBook D 14全面屏轻薄笔记本电脑多屏协同便携超级快充(i5-10210U 16G+512G 独显)银,13941969659,我爱了，去实体店看过，这个设计我真的超喜欢！网上看过别的笔记本，没有满意的，因为比起别的我更注重外观嘻嘻，这个外观我可以夸好久！超级有质感，键盘敲击感也不错，指纹感应非常灵敏，轻轻一碰就解锁了，开合的地方也是对比多家我最喜欢的设计，够简约，电脑也很薄，充电线还可以充手机。刚拿到手的时候因为不懂弄了很多不是问题的问题，找客服也很耐心，我真的问了超多问题的哈哈哈，送的蓝牙鼠标也好看！反正问就是爱了！,5,0,睡了--,2020-03-21 17:58:03
100006051933,5009.00,华为(HUAWEI)MateBook D 14全面屏轻薄笔记本电脑多屏协同便携超级快充(i5-10210U 16G+512G 独显)银,14432294879,"运行速度：16G+512G内存，运行非常流畅，日常办公看视频都没问题
屏幕效果：14寸1080P全高清屏幕，看起来很清晰没有颗粒感
散热性能：轻薄电脑，散热效果还不错，风扇声音也不会很大
外形外观：金属银色外观，特别养眼，摸起来手感也非常舒服
轻薄程度：15.6mm厚度，重量2.7斤左右，出门携带非常便捷
其他特色：京东物流当日达，送货上门，服务特别给力！",5,201,你備好貨我備好錢,2020-07-18 20:34:54
100006051933,5009.00,华为(HUAWEI)MateBook D 14全面屏轻薄笔记本电脑多屏协同便携超级快充(i5-10210U 16G+512G 独显)银,13953620525,华为，一如既往，惊喜意外，指纹解锁竟然是电源键，开机语音引导，做工精美，比手里的红米做工上了一个档次，14寸，正好，出差办公都很实用，手机是华为手机，跟电脑可以协同，功能强大,5,201,匡斯托夫斯基,2020-03-24 18:35:43
100006051933,5009.00,华为(HUAWEI)MateBook D 14全面屏轻薄笔记本电脑多屏协同便携超级快充(i5-10210U 16G+512G 独显)银,14175043434,"运行速度：16m内存，运转起来非常给力，主要是办公用，游刃有余。有时间跑个游戏看看。
屏幕效果：屏幕色彩不错，当然没有新款的2k屏色彩绚丽，不过已经很不错了。
散热性能：因为只用了不到一天，不好做评价，暂时散热很好，几乎听不到风扇的声音。
外形外观：外形好看，我买的银色的很显档次。
轻薄程度：没有13寸的薄，之所以选择这个是因为带usb接口，高清接口。不过已经很好了。
其他特色：看中华为的原因是可以跟我的华为手机实现无缝对接。",5,201,登***牛,2020-05-20 14:57:44
100006051933,5009.00,华为(HUAWEI)MateBook D 14全面屏轻薄笔记本电脑多屏协同便携超级快充(i5-10210U 16G+512G 独显)银,13974371958,"运行速度：意用了半个多月才来评论，电脑运行很快，开机7秒左右，平常偶尔打下游戏也可以
屏幕效果：屏幕显示可以，日常办公完全足够
轻薄程度：特别轻薄，方便携带，装在包里没啥感觉
外形外观：外形美观，特别打气，一看就很有逼格，成功人士标配，哈哈哈
散热性能：正常办公不怎么发热，如果打游戏的话建议买个散热器，特别是边充电边玩游戏会有点烫。",5,0,酷酷的琪儿,2020-03-30 11:07:24
100006051933,5009.00,华为(HUAWEI)MateBook D 14全面屏轻薄笔记本电脑多屏协同便携超级快充(i5-10210U 16G+512G 独显)银,14432187034,嗯，特意是体验了两天才来评价的！首先，颜值高，轻薄，windows激活后是我很喜欢的淡紫色。运行平稳。作为花粉，当然要体验多屏共享，手机电脑连线，操作方便，也很酷。14寸的显示屏也很适合我。沿用了华为的快充，感觉很不一样。唯一感觉美中不足的是没有鼠标耶，还得自己配,5,201,t***e,2020-07-18 20:02:03
100006051933,5009.00,华为(HUAWEI)MateBook D 14全面屏轻薄笔记本电脑多屏协同便携超级快充(i5-10210U 16G+512G 独显)银,14113857547,"运行速度：很快
屏幕效果：色彩鲜艳亮丽
散热性能：散热效果很好，发热量低
外形外观：时尚大气
轻薄程度：很薄，携带很方便",5,201,芦***浆,2020-05-05 08:42:54
100006051933,5009.00,华为(HUAWEI)MateBook D 14全面屏轻薄笔记本电脑多屏协同便携超级快充(i5-10210U 16G+512G 独显)银,14017001643,"运行速度：刚试用的速度还非常不错，嗯，比起I7标准版的话可能还有点差距吧。
屏幕效果：屏幕效果就非常好了，感觉起来相当的不错，又比较温和，颜色方面
散热性能：这个暂时无法评价，只有长时间使用的话才知道这个东西散热怎么样
外形外观：外观的话真的要给设计的赞一下，嗯，非常的纤薄，嗯，也比较轻巧
轻薄程度：可接受范围之内，暂时还觉得可以",5,201,JDCZB2360,2020-04-10 10:56:39
100006051933,5009.00,华为(HUAWEI)MateBook D 14全面屏轻薄笔记本电脑多屏协同便携超级快充(i5-10210U 16G+512G 独显)银,14157415522,"运行速度：i5-10210U 16G+512G 独显的黄金组合配置，运行速度非常快，应对日常办公没有一点问题。
屏幕效果：超窄边框屏幕，色彩艳丽，显示细腻，显示效果非常出色。
散热性能：笔记本不仅轻薄，而且散热性能十分出色。
外形外观：外观颜值十分漂亮，我选的银色的，磨砂金属材质，大气高端，做工细致，手感很好。
轻薄程度：十分轻巧，日常携带方便，感觉特别适合女孩使用。
其他特色：总之是综合颜值性能都非常不错的一款笔记本，推荐大家购买。",5,201,安旭的生活,2020-05-16 08:08:00
1276020,32.00,"	
齐心（COMIX）B5 154页商务皮面笔记本子/记事本/日记本 Compera精英系列 黑色 办公文具 C8001",14320681215,一直喜欢?齐心的这种笔记本?，很大气??！纸质细腻挺拔，封面是皮质的，没写字桌的时候，封面就是很好的垫板?。比一般的笔记本要大些，可以在上面画个草图什么的??。618有优惠活动，很划算哦！物流给力，点赞?！,5,0,qacLzmykaHzd,2020-06-21 13:01:15
1276020,32.00,"	
齐心（COMIX）B5 154页商务皮面笔记本子/记事本/日记本 Compera精英系列 黑色 办公文具 C8001",13935445714,"产品质感：这个笔记本的质感很不错，用起来感觉很棒，书写起来不散墨，清清楚楚，书写流畅，里面的内页是用黄色的道林纸，可以保护视力
厚薄程度：纸张厚实经用！
尺寸大小：B5的大小，比以前的那种笔记本相对要大一点，好用，可以多写一些字
产品设计：这是锁线装订结实，后面还有一个专门可以放纸条的兜兜！",5,201,木子之溪,2020-03-19 22:33:23
1276020,32.00,"	
齐心（COMIX）B5 154页商务皮面笔记本子/记事本/日记本 Compera精英系列 黑色 办公文具 C8001",13721951793,本子外观很简约，有点商务和科研风。外皮很软，摸着很舒服，里面的纸张很厚，颜色是淡黄色的，写起字来比较顺滑，质量很好。本子最后还带了一个夹层，可以用来放一些门票、发票什么的，很人性化。而且本子很厚，用来记录阅读文献的要点很合适，也可以用作其他需要长期积累的工作。,5,201,子衿映我心_,2020-01-14 14:26:09
1276020,32.00,"	
齐心（COMIX）B5 154页商务皮面笔记本子/记事本/日记本 Compera精英系列 黑色 办公文具 C8001",13659675394,首先，价格我觉得还是可以的，不贵。然后是质量，也感觉还不错，不会粗糙，也没有很重的味道，这点是我很满意的。然后是后面的一个皮筋，这个也设计得很好，我觉得应该是为了当做书签用的，还是挺好用的一个设计，而且还能绑定本子，不让本子容易被打开。这点非常好！继续使用中，后期有什么感受再分享。,5,201,jd_1645218,2019-12-29 14:45:08
1276020,32.00,"	
齐心（COMIX）B5 154页商务皮面笔记本子/记事本/日记本 Compera精英系列 黑色 办公文具 C8001",12391729176,很有质感很显档次的商务皮面笔记本！用来送人很不错！质地、颜色、样式都很满意！,5,201,李***潞,2019-01-20 12:59:07
1276020,32.00,"	
齐心（COMIX）B5 154页商务皮面笔记本子/记事本/日记本 Compera精英系列 黑色 办公文具 C8001",13272775400,"已经过了学生年代，随手记笔记和到处扔本子得习惯得改改了。每次开会，例会得东西集中记在本子上，按日期和重要程度做好标记，能够很好地追溯和梳理工作，好记性不如烂笔头。
这款本子质量不错，赶上活动价格也合适，一次买了好几个，够用两年了。***ix做文具也专业，东西很好。很满意。",5,201,z***2,2019-09-28 11:12:24
1276020,32.00,"	
齐心（COMIX）B5 154页商务皮面笔记本子/记事本/日记本 Compera精英系列 黑色 办公文具 C8001",13285205530,皮质的本子很好，一本有150多张，非常划算，纸质也很好书写，颜色是米白色，可以保护眼睛，看着很舒服， 笔记本很有质感，皮面很大气，简约不失风度，商务或是其他用途都很适合，一次买了四本，纸质也不错，以后需要还会再来！！！,5,201,拂晓的味道,2019-10-02 10:23:58
1276020,32.00,"	
齐心（COMIX）B5 154页商务皮面笔记本子/记事本/日记本 Compera精英系列 黑色 办公文具 C8001",10196124930,一个笔记本好不好用笔记本很好，关键得看它的纸张，看它的设计，京东的笔记本可以说无可挑剔，满意道我又买了一支笔，才能配得起这个笔记本，现在的问题来了舍不得用了，怎么办呢！再说说这个快递员大哥，非常的暖心，速度非常快，无可挑剔。,5,0,j***y,2017-03-09 11:09:35
1276020,32.00,"	
齐心（COMIX）B5 154页商务皮面笔记本子/记事本/日记本 Compera精英系列 黑色 办公文具 C8001",12445064375,物流快，货非常好，不要相信差评里的那些话，根本没有那些问题。挺不错的。,5,0,M***8,2019-02-11 14:00:48
1276020,32.00,"	
齐心（COMIX）B5 154页商务皮面笔记本子/记事本/日记本 Compera精英系列 黑色 办公文具 C8001",12249669999,这是我买的第二个笔记本了，纸张非常厚，质量很好，也不应磨，封皮，摸起来很舒服，还有绑带，这样比较方便放包里，嗯，非常满意，速度也挺快的,5,201,人***9,2018-12-12 17:39:30
100007218425,4299.00,联想(Lenovo)小新Air14 2020锐龙版轻薄本 全面屏办公笔记本电脑(6核R5-4600U 16G 512G 高色域)深空灰,14273455482,终于到手了，性能强悍的小新15 8核R7-4800U 16G。C面稍有塑料感，做工还不错；高色域的雾化屏幕，素质良好，画面清晰；跑分高，速度快，同时打开多个页面不卡顿，静音效果好，运行时几乎听不见风扇声音；全尺寸键盘手感好舒服，小键盘用起来很方便；接口够用，圆孔的充电口，2个USB口，全尺寸SD读卡器，耳麦，HDMI，据说type-c也可充电，还没试过。办公追剧做够用，重量轻外出携带方便。,5,201,j***0,2020-06-12 12:21:31
100007218425,4299.00,联想(Lenovo)小新Air14 2020锐龙版轻薄本 全面屏办公笔记本电脑(6核R5-4600U 16G 512G 高色域)深空灰,14201553820,"性能吊炸天小新15  4600u
A面是金属，c面塑料，不过也挺舒服的，了。工艺做得很好，我觉得这个价位已经是完美的了，这个键盘让我很舒服，特别是小键盘，真的比较方便，不管是什么工作，小键盘都是比较方便的，屏幕是雾化屏幕，也挺好的，接口有圆孔的充电口，有type-c的还有usb口，有sd读卡器，耳机孔，HDMI孔，全面了，我觉得有小新15还要什么自行车，真的是太香了，特别是这个续航，吊炸天喔，买它！",5,201,jd114160gyz,2020-05-27 10:29:29
100007218425,4299.00,联想(Lenovo)小新Air14 2020锐龙版轻薄本 全面屏办公笔记本电脑(6核R5-4600U 16G 512G 高色域)深空灰,14311951706,是的，AMD yes!性能吊炸天小新15 4800u，A面是金属，C面塑料，不会担心漏电，还有数字小键盘，工作学习都不错，真是方便又舒服。整体上工艺做得很好，这个价位完美吊打同类，屏幕是雾化屏幕，屏占比有高，高色域就是不一样，接口丰富，有圆孔的充电口，有type-c的还有usb口，有sd读卡器，耳机孔，HDMI孔，非常全面，所以不需要拓展坞，真的是太香了，还有厉害的续航，Oh my god !买它！买它！买它！,5,201,令心微,2020-06-19 22:56:35
100007218425,4299.00,联想(Lenovo)小新Air14 2020锐龙版轻薄本 全面屏办公笔记本电脑(6核R5-4600U 16G 512G 高色域)深空灰,14229442267,"6号中午就收到了，很快
三星内存 西数M.2 京东方屏幕。屏幕无坏点 完美。
wifi差了点，不过后期可以升级ax200
单手开盖无压力，阻尼设定的很好",5,201,热心市民李崇俊,2020-06-02 23:36:03
100007218425,4299.00,联想(Lenovo)小新Air14 2020锐龙版轻薄本 全面屏办公笔记本电脑(6核R5-4600U 16G 512G 高色域)深空灰,14321406170,你与电脑大神之间只差一台小新的距离^_^经过群里大神指点，重办公轻游戏的购买需求下，选择了最具性价比的联想小新系列。这也是我人生中的第一台笔记本。使用三周后回来做客观点评。开机与指纹二合一，且识别速度快。跟随小娜的语音提示，一步步完成设置，毫无压力。整体灰色的基调有一种高级感，手感出众，可见做工。屏幕效果显示出色，散热做的也不错，声音不大。出厂自带win10系统，有些改变，需要适应。左右双通道，播放大片效果赞。接口丰富，满足日常需求。左侧HDMI，type-c快充加分。耳机接口。右侧USB双接口，sd卡槽。续航能力不错，加上快充，日常使用无压力。整体性价比非常高的一款笔记本，3999元你值得拥有！,5,201,惊***鸿,2020-06-21 15:09:27
100007218425,4299.00,联想(Lenovo)小新Air14 2020锐龙版轻薄本 全面屏办公笔记本电脑(6核R5-4600U 16G 512G 高色域)深空灰,14270398542,这笔记本电脑拿在手中真的很轻，外观的颜色是我非常喜欢的，又是金属质感。屏幕是雾化屏幕，高色域又是广视角，刚开机的壁纸也秀出了屏的实力。能单手开合无压力，运行时风扇声音不大，开机速度快，运行流畅，无卡顿。抽到的是西数硬盘和三星的内存。性能强，又小巧便携，笔记本非常轻薄，性价比高。,5,0,ShintinChen,2020-06-11 17:37:38
100007218425,4299.00,联想(Lenovo)小新Air14 2020锐龙版轻薄本 全面屏办公笔记本电脑(6核R5-4600U 16G 512G 高色域)深空灰,14317129549,小新15的外观我还是比较满意的 开机时间6秒左右 已经够快了 我不打游戏 日常办公 上网课 追剧 听歌 完全OK 散热也可的 还有指纹解锁功能 入的时候价钱非常划算 喜欢得不得了 之前关注了好长时间都没有货 可能是太抢手了 性价比是真的高啊 真香机 ！,5,0,j***V,2020-06-20 20:09:10
100007218425,4299.00,联想(Lenovo)小新Air14 2020锐龙版轻薄本 全面屏办公笔记本电脑(6核R5-4600U 16G 512G 高色域)深空灰,14233225296,新机很好hh，比较幸运，三星的内存和固态，京东方的屏幕，屏幕素质良好，高色域的屏，画面清晰；跑分也很高，运行速度很快，同时打开多个网页不卡顿，运行时风扇声音很小，可忽略；比较轻薄，也可以单手开合，杜比音效也不错；外形很好看，深空灰的高端配色，实物很美，也激活了Office很简单的，还有指纹识别，开盖开机等功能；保修期两年用来办公追剧是个很好的选择，大家要搞清自己的需求，选择适合自己的，最后京东快递次日达！?,5,201,浮华惜梦,2020-06-03 19:24:07
100007218425,4299.00,联想(Lenovo)小新Air14 2020锐龙版轻薄本 全面屏办公笔记本电脑(6核R5-4600U 16G 512G 高色域)深空灰,14285523857,"小新15 R7 8核-4800U 16G 
拿到手的第一感觉重量轻，外出携带非常方便；
A面金属质感，做工良好；
雾化屏幕效果看着非常舒服，画面清晰；
接口丰富，运行声音小，开机速度快；
特别强调，小键盘设计非常棒，办公很实用，很满意。也希望联想品牌越做越好！",5,103,黄***4,2020-06-15 08:50:22
100007218425,4299.00,联想(Lenovo)小新Air14 2020锐龙版轻薄本 全面屏办公笔记本电脑(6核R5-4600U 16G 512G 高色域)深空灰,14319814743,这个笔记本真是爱了爱了，拿在手里很轻，颜色我也很喜欢，触感也是非常好的。高视域光视角，单手开合毫无压力，性能强，又小巧便携，笔记本非常轻薄，性价比高。心动不如行动，买它！,5,0,j***f,2020-06-21 10:41:30
100007851351,3999.00, 14 2020新款 14英寸全面屏轻薄笔记本电脑（R5 4500U 16G 512G 7nm 多屏协同） 冰河银,14334907380,"金属外壳，视觉效果还有手感都相当好。。A面十分简洁，仅有honor的字样，整体非常协调而且时尚,在屏幕的设计上采用了超窄边框，左右边框的宽度仅有5.2mm屏占比达到了81%,并且带有过滤蓝光护眼模式，看上去屏幕视野大，也更加适合长时间办公使用,支持180&deg;平铺,整机尺寸方面，机身厚度最厚处仅为15.8mm，轻至1.45kg(实测)，这对于一个14英寸金属机身的笔记本来说，已经算是非常轻薄的了，笔记本的电源适配器也采用了瘦身设计，白色的外观，双向Type-C接口，全部重量也仅为1.65kg，随身携带出门能够满足各种移动场景的使用,带有3级可调背光的全尺寸键盘，1.3mm的键程，手感也不错，F10功能键还设置了内置的“电脑管家”一启动按键，随时都能检测电脑硬件的状态以及更新硬件驱动，而“电脑管家”还可以与你的荣耀手机相连接，可以备份互传数据，还能实现手机离开电脑一定距离、时间之后自动锁屏，保护个人隐私,荣耀MagicBook还带有电源、指纹二合一的按键，在登录系统时无需繁琐输入密码，而且指纹解锁的速度也很快，这也是",5,103,jd_177132abw,2020-06-23 22:51:48
100007851351,3999.00, 14 2020新款 14英寸全面屏轻薄笔记本电脑（R5 4500U 16G 512G 7nm 多屏协同） 冰河银,14308720342,大小很和我意，单手托，想知道相对大小可以和后面的单人座椅靠背对比一下; 按照提示安装系统容易操作; 机子很漂亮，很时尚。运行速度很快，不卡顿，也散热不错。过一段时间再来追评。,5,103,j***A,2020-06-19 13:42:51
100007851351,3999.00, 14 2020新款 14英寸全面屏轻薄笔记本电脑（R5 4500U 16G 512G 7nm 多屏协同） 冰河银,14327347382,"外形外观：
它的外观设计非常年轻化，线条硬朗的磨砂质感全金属机身触感舒适，原本比较单调素雅的配色在增加了A面CNC钻石切割的小蓝边设计和淡蓝色镂空Logo后，辨识度提高了不少。
轻薄程度：荣耀MagicBook 14很轻薄，A、C、D面采用金属材质机身，为了控制成本而采用了冲压成型工艺。机身厚度仅为15.9mm，更让人满意的是重量，1.38kg几乎达到了13英寸轻薄机型的水平。
其他特色：打开声音的那一刻给我惊艳到了，播放歌曲的时候3d声响太完美了，没有劈音杂音，
荣耀MagicBook 14使用了一个按压式隐藏摄像头，不使用的时候可以收起来避免泄露隐私。
MagicBook 14采用指纹识别模块和笔记本电脑电源键结合在一起的设计，亮屏和解锁一键完成。
荣耀MagicBook 14带有全尺寸HDMI接口和两用USB Type-C接口
标配的65W便携快充采用了通用的USB Type-C接口，不但可以为笔记本电脑充电，也可以为智能手机充电，
运行速度：运行速度很快，开机十秒完成，
屏幕效果：笔记本电脑全面屏，其三边4.8mm窄边框让视野更加宽阔。
散热性能：处理器很好，所以不存在散热压力
总体来说非常不错，性价比很高。618入手的。",5,103,A***H,2020-06-22 15:17:47
100007851351,3999.00, 14 2020新款 14英寸全面屏轻薄笔记本电脑（R5 4500U 16G 512G 7nm 多屏协同） 冰河银,14314223018,"运行速度：不卡 超级流畅?
屏幕效果：显示屏清晰 色彩鲜艳 看着很舒服 声音也清晰 没有出现嘶哑破音?（有背光键盘呢）
散热性能：目前只试用 一点也没发热 充电风扇声音小 可以忽略
外形外观：这个外观真的绝了 简洁大方 强迫症表示很舒服 哈哈哈 我超爱 冲着颜值买的 那个小蓝边的设计真高端大气 （电脑还可以掰成180度?）
轻薄程度：非常薄 很轻巧 方便携带 充电器也小 就比手机充电器大了一点 并且和华为手机通用的 外出很方便
其他特色：一碰传 指纹解锁 超级棒?
待机时间也长 开机很快大概也就四五秒  
就是摄像头角度很迷惑 不过隐私性 很安全 平时也用得不多 
包装很严密 物流也快 一天就到了",5,0,j***0,2020-06-20 12:05:33
100007851351,3999.00, 14 2020新款 14英寸全面屏轻薄笔记本电脑（R5 4500U 16G 512G 7nm 多屏协同） 冰河银,14205462599,"金属机身设计，A面十分简洁，仅有honor的字样，整体非常协调而且时尚,在屏幕的设计上采用了超窄边框，左右边框的宽度仅有5.2mm屏占比达到了81%,并且带有过滤蓝光护眼模式，看上去屏幕视野大，也更加适合长时间办公使用,支持180&deg;平铺,整机尺寸方面，机身厚度最厚处仅为15.8mm，轻至1.45kg(实测)，这对于一个14英寸金属机身的笔记本来说，已经算是非常轻薄的了，笔记本的电源适配器也采用了瘦身设计，白色的外观，双向Type-C接口，全部重量也仅为1.65kg，随身携带出门能够满足各种移动场景的使用,带有3级可调背光的全尺寸键盘，1.3mm的键程，手感也不错，F10功能键还设置了内置的&ldquo;电脑管家&rdquo;一键启动按键，随时都能检测电脑硬件的状态以及更新硬件驱动，而&ldquo;电脑管家&rdquo;还可以与你的荣耀手机相连接，可以备份互传数据，还能实现手机离开电脑一定距离、时间之后自动锁屏，保护个人隐私,荣耀MagicBook还带有电源、指纹二合一的按键，在登录系统时无需繁琐输入密码，而且指纹解锁的速度也很快，这也是荣耀MagicBook重要的特色之一。除了有优秀的外观设计与手机互联的黑科技，在硬件配置上非常主流的。AMD锐龙R5 3500U 16G 512G独立显卡，让文档办公、图形图像的处理等都能得心应手",5,103,杨***2,2020-05-28 10:43:13
100007851351,3999.00, 14 2020新款 14英寸全面屏轻薄笔记本电脑（R5 4500U 16G 512G 7nm 多屏协同） 冰河银,14311030291,"发货到货快，次日达。
运行速度快，10余秒启动。
外观时尚，轻薄如笔。
发热量不大，屏幕效果很棒，支持国货，支持华为。目前各方面都满意！
全五分的体验，后续会追加更详细的使用体验！若用得顺心，准备再购一台给家人用。",5,201,梁海涛涛,2020-06-19 20:25:54
100007851351,3999.00, 14 2020新款 14英寸全面屏轻薄笔记本电脑（R5 4500U 16G 512G 7nm 多屏协同） 冰河银,14308921915,"运行速度：四核八线程的处理器，配合16G超大运行内存，运营一些日常办公软件完全无压力，开机运营内存仅占用不到20％，开机5秒，运营速度超快
屏幕效果：高色域屏幕，画面质感相当好
散热性能：全金属外壳，散热不错
外形外观：金属外壳，不论视觉效果还是手感都相当好，还有就是独特的小蓝边儿，蓝色logo，有一种让人看了眼前一亮的感觉，放在哪里，你都是耀眼的那个崽
轻薄程度：整个机器只有1.38千克，三瓶矿泉水的重量，走到哪里带到哪里
其他特色：荣耀独特的按压式，隐藏式摄像头，想开就开，想关就关，妈妈再也不用担心我被偷窥了",5,201,蔚***伟,2020-06-19 14:18:08
100007851351,3999.00, 14 2020新款 14英寸全面屏轻薄笔记本电脑（R5 4500U 16G 512G 7nm 多屏协同） 冰河银,13987850464,"非常漂亮的电脑，颜值担当！开机速度很快。第一次使用很人性化，有美女语音提示步骤！送的办公软件激活就能用。学习办公一点问题没有。
游戏的话还没有试，不做评论！
电脑画质、音质都不错，分辨率也不赖！日常工作用杠杠的！隐藏式摄像头和指纹解锁开机科技感满满！大赞！
16G内存+512固态硬盘+win10配置相当可以，对得起这个价位。不卡！因为是超薄本所以没有网络接口，得自己买个usb转接网络口。现在用WiFi联网还是很流畅，不卡！
后期使用要是有什么问题再分享给大家！
发货速度很快，隔天到！
总体很满意！",5,103,瀑***淘,2020-04-02 19:03:29
100007851351,3999.00, 14 2020新款 14英寸全面屏轻薄笔记本电脑（R5 4500U 16G 512G 7nm 多屏协同） 冰河银,14447664010,"电脑收到了，超级薄，手机投屏，触屏传输图片非常方便，以后办公方便，电脑反应速度快，电池耐用，价格实惠，值得推荐。
运行速度：速度快，功能强大
外形外观：超薄轻巧。",5,103,jd157179mjl,2020-07-22 22:08:08
100007851351,3999.00, 14 2020新款 14英寸全面屏轻薄笔记本电脑（R5 4500U 16G 512G 7nm 多屏协同） 冰河银,14284721963,"运行速度：因为自己买过来办公用的，没打游戏，个人感觉够用了。
屏幕效果：效果还可以，原壁纸展示的还是很不错的。
散热性能：下面散热口大，足够了。
外形外观：外观很简约就一个荣耀的标示，挺好的。
轻薄程度：挺轻的，屏占比也比较大，挺薄的。
其他特色：送了Office正版，很爽。",5,0,深海岸_,2020-06-14 22:38:49
100010370676,4399.00,"
联想（Lenovo）威6 2020款 英特尔酷睿 i5 14英寸窄边框轻薄笔记本电脑(i5-1035G1 8G 512G PCIE 2G独显 FHD 全功能Type-C )相思灰",13947086980,去年帮公司买了台办公用，感觉挺好，所以这次还是选择这个品牌，14寸在家用带出门都很方便， 有多个接口的 高性能电脑 指纹解锁，价格很实惠 就是的原装的office win10系统 有点用不习惯，慢慢习惯吧，银色也是我喜欢的， 果然不失望 很大气的感觉， 联想的品质一直备受肯定 到货使用 感觉超值 如果可以送电脑包 鼠标和鼠标垫就更加完美。,5,201,2***洁,2020-03-23 00:47:17
100010370676,4399.00,"
联想（Lenovo）威6 2020款 英特尔酷睿 i5 14英寸窄边框轻薄笔记本电脑(i5-1035G1 8G 512G PCIE 2G独显 FHD 全功能Type-C )相思灰",14146178454,第一次开机需要十几秒，之后一键登录，秒进系统，非常流畅，开机后通过面部识别登入账号，黑暗环境下也可以，感觉到了科技的力量。同时打开十几个窗口也不会卡顿。运行了一下CAD很流畅。吃鸡游戏不大行，有点卡顿。屏幕颜色细腻，轻薄便携，金属外壳，超喜欢。,5,201,jd_搞不懂,2020-05-13 10:33:03
100010370676,4399.00,"
联想（Lenovo）威6 2020款 英特尔酷睿 i5 14英寸窄边框轻薄笔记本电脑(i5-1035G1 8G 512G PCIE 2G独显 FHD 全功能Type-C )相思灰",14417561951,"运行速度：运行很快
屏幕效果：15.6高清大屏幕追剧工作都很爽
散热性能：散热没什么噪音，而且用了两个小时也不怎么烫，主要底部和屏幕下方散热
外形外观：铝合金拉丝外框，很有金属质感，大气
轻薄程度：薄，像一个大号文件夹，便携带",5,0,jd_188719iqa,2020-07-14 20:09:06
100010370676,4399.00,"
联想（Lenovo）威6 2020款 英特尔酷睿 i5 14英寸窄边框轻薄笔记本电脑(i5-1035G1 8G 512G PCIE 2G独显 FHD 全功能Type-C )相思灰",14128459866,"运行速度：办公足矣
屏幕效果：完美
散热性能：中上
外形外观：中上
轻薄程度：中等
其他特色：自带的东西都很好用，本以为新系统不适应，多虑了。比之前用温七要个性化。三个usb孔一个是隐藏的正好放无限鼠标接收器，缺点：一是屏幕下方边框太大。二是指纹不是特别灵敏。另外触摸板很好关闭。我在意的他都很好。越用越爱。",5,201,代***蹲,2020-05-08 19:33:00
100010370676,4399.00,"
联想（Lenovo）威6 2020款 英特尔酷睿 i5 14英寸窄边框轻薄笔记本电脑(i5-1035G1 8G 512G PCIE 2G独显 FHD 全功能Type-C )相思灰",14339206620,不错不错，京东自营就是靠谱，是原装正品，第一感觉特别高大上，很大气，简直就是高端大气上档次，很商务，超级喜欢，一键开机带指纹解锁真心不错很高级，目前使用很顺心，很轻薄，性能也超级好，还得是大牌，靠谱、大家都认可，真棒?强烈推荐呦,5,0,热爱我的热爱VIP,2020-06-24 21:53:43
100010370676,4399.00,"
联想（Lenovo）威6 2020款 英特尔酷睿 i5 14英寸窄边框轻薄笔记本电脑(i5-1035G1 8G 512G PCIE 2G独显 FHD 全功能Type-C )相思灰",14131880058,"散热性能：非常高
运行速度：快
轻薄程度：比较适合我
屏幕效果：多彩
外形外观：合金材质本笔记本非常适合家用，家里有小孩的可以买到学习用，简单易学上手快，多功能按键，自带摄像头麦克风，运行流畅不卡顿，比以前的台式电脑方便多了，看了很多款就喜欢这个，小孩上网课非常适合",5,103,愿***心,2020-05-09 17:05:56
100010370676,4399.00,"
联想（Lenovo）威6 2020款 英特尔酷睿 i5 14英寸窄边框轻薄笔记本电脑(i5-1035G1 8G 512G PCIE 2G独显 FHD 全功能Type-C )相思灰",14377985300,"运行速度：初始化后每次开机速度飞快，加上指纹解锁技术，更是体验感爆棚
屏幕效果：用几种色块满屏看过，没有坏点，屏幕清晰，亮度调节有快捷键大概有4-5档可调
外形外观：金属外壳摸上去质感一流
散热性能：没了传统硬盘，现在的笔记本热量低很多，正常使用下机身发热很少，玩游戏的情况还没测试
轻薄程度：令人满意，很精致",5,201,j***q,2020-07-04 12:19:52
100010370676,4399.00,"
联想（Lenovo）威6 2020款 英特尔酷睿 i5 14英寸窄边框轻薄笔记本电脑(i5-1035G1 8G 512G PCIE 2G独显 FHD 全功能Type-C )相思灰",13495899281,1111无货，等了几天都急了，货收到，不是拆封的二手，很高兴。拆箱，机器生产日期11与4好的，真的是刚出笼的，兴奋的赶紧开机，激活，完美屏。但是再装软件的时候死机。这点不知道怎回事。。。？。。强行关机，开机正常，把联想的杀毒卸载就好了。奇怪，开启系统自带的mse。机器很漂亮。赞一个。算是比较完美的购机吧。,5,0,j***H,2019-11-19 23:06:53
100010370676,4399.00,"
联想（Lenovo）威6 2020款 英特尔酷睿 i5 14英寸窄边框轻薄笔记本电脑(i5-1035G1 8G 512G PCIE 2G独显 FHD 全功能Type-C )相思灰",13620937935,"运行速度：快，很好
屏幕效果：好，看**不错
散热性能：可以?，有时候会有风扇转动的声音，不过不太高
外形外观：漂亮，很低调的颜色，有质感，看着很舒服
轻薄程度：很好，是原来电脑的一半重，带着很方便，说走就走
其他特色：电池时间可以",5,103,锦琅,2019-12-19 11:39:53
100010370676,4399.00,"
联想（Lenovo）威6 2020款 英特尔酷睿 i5 14英寸窄边框轻薄笔记本电脑(i5-1035G1 8G 512G PCIE 2G独显 FHD 全功能Type-C )相思灰",14438407526,电脑运行非常流畅，屏幕分辨率很高，金属机壳散热非常的好，运行不卡顿，机身轻薄外观时尚，非常的精致，十代处理器，速度特别快。边框很窄，手感非常好！防窥视摄像头的设计，特别贴心，运行起来噪音很小，赠送的正版Office，非常不错！,5,201,y***0,2020-07-20 14:16:20
100007267205,10299.00,联想ThinkPad X1 Carbon 2020(05CD)英特尔酷睿i5 14英寸轻薄笔记本电脑(i5-10210U 16G 512GSSD FHD)沉浸黑,14237051593,这次为了升级WIFI6和纹理黑，将原来的2017版换成了2020版，拿到手之后，感觉升级相当明显，无数个灰黑交加的小格子铺满了整个A面，看起来相当高档。分辨率是4K，亮度、对比度和色彩表现都很不错。重量仅为1.09千克，非常方便携带外出办公。按键的反馈感和巧记感也很舒适，一如既往地让人感觉到打字不累。这次买的版本还内置4G模块，避免了2017版还得自己安装4G模块和到处去寻找原装天线的麻烦。总之，值得拥有！,5,201,j***永,2020-06-04 15:45:26
100007267205,10299.00,联想ThinkPad X1 Carbon 2020(05CD)英特尔酷睿i5 14英寸轻薄笔记本电脑(i5-10210U 16G 512GSSD FHD)沉浸黑,14294209868,我2020年6月13日下订单，在京东自营上，购买的是联想笔记本电脑，型号为ThinkPad X1 Carbon Gen 8 LTE 20U9-0039CD，收到快递打开包裹，使用笔记本电脑，颜值一流，又非常轻便，反应速度快，屏幕也非常清晰！感觉非常不错！,5,201,W***0,2020-06-16 23:12:58
100007267205,10299.00,联想ThinkPad X1 Carbon 2020(05CD)英特尔酷睿i5 14英寸轻薄笔记本电脑(i5-10210U 16G 512GSSD FHD)沉浸黑,14327335628,"运行速度：非常快
外形外观：太漂亮了，比mac好看
轻薄程度：比MacBook pro轻很多
其他特色：Windows打开Office软件是真心快啊！
屏幕效果：2k屏很不错了
续航能力这两天正在测，以后再来补充～～～",5,201,p***3,2020-06-22 15:15:41
100007267205,10299.00,联想ThinkPad X1 Carbon 2020(05CD)英特尔酷睿i5 14英寸轻薄笔记本电脑(i5-10210U 16G 512GSSD FHD)沉浸黑,14258058135,"运行速度：开机速度很快，从休眠状况再唤醒用了两秒不到，响应好快！
屏幕效果：画面很细腻，赏心悦目的感觉，还没看视频，应该差不了
散热性能：一开始系统启动设置时能听到风扇声，正常运行基本无声
外形外观：外观除了保持经典之余，还增加了足够的细腻和精致。从手感到各种功能槽的设置，实用也不影响外观
轻薄程度：很薄，很轻，一个手拿着不费力，放包里很省空间
其他特色：键盘手感有很强的反馈，打字准确到位，作为商务使用，十分理想！",5,201,拽拽一笑,2020-06-09 00:42:55
100007267205,10299.00,联想ThinkPad X1 Carbon 2020(05CD)英特尔酷睿i5 14英寸轻薄笔记本电脑(i5-10210U 16G 512GSSD FHD)沉浸黑,14314913596,最佳轻薄本，没有之一。使用起来速度很快，机器特别的安静，键盘一如既往的Thinkpad。商旅最佳，可以放在手提包内，特别便捷。,5,103,l***6,2020-06-20 13:59:35
100007267205,10299.00,联想ThinkPad X1 Carbon 2020(05CD)英特尔酷睿i5 14英寸轻薄笔记本电脑(i5-10210U 16G 512GSSD FHD)沉浸黑,14222336443,"运行速度：运行速度：8GB运行内存+10代I5-10210U+512Gb固态硬盘的三重加持，运行速度很给快。
屏幕效果：4K显示屏幕，显示效果很好。
散热性能：超极本用的低功耗型的处理器，性能牺牲了些，但配有智能控温系统，散热还可以。
外形外观：外形很不错。但这款相比旧款，电源键设置在侧边，我个人觉得比较有创意。
轻薄程度：很轻，很薄，主机才2斤多点。
其他特色：超极本配指纹识别是大势所趋，登录方便，为该机点赞。USB接口很丰富，一般超极本才2个。带有杜比音效，不错的设计。前置摄像头设计的很有心，可以防止外部攻击电脑，控制摄像头，发生隐私泄露安全问题。",5,201,j***1,2020-06-01 16:02:01
100007267205,10299.00,联想ThinkPad X1 Carbon 2020(05CD)英特尔酷睿i5 14英寸轻薄笔记本电脑(i5-10210U 16G 512GSSD FHD)沉浸黑,14230514739,轻薄程度：一流，无可挑剔。6.1凌晨下单，昨天收到。旁边的surface面临退役。对比尺寸稍大一点，手感重量竟然差不多。弃surface选thinkpad是因为追求稳定性，选X1是我需要极致的轻，便携。从下单到送货，到开箱使用，全程是一次很好的体验。,5,0,WCwCJcdHmBAC,2020-06-03 10:07:43
100007267205,10299.00,联想ThinkPad X1 Carbon 2020(05CD)英特尔酷睿i5 14英寸轻薄笔记本电脑(i5-10210U 16G 512GSSD FHD)沉浸黑,14264616338,"运行速度：代 i7处理器加16G内存，飞一般的运行速度，非常满意。
屏幕效果：显示清晰没有任何坏点，完美。
散热性能：买回来就用lu大湿做了测试，温度控制很好，几乎听不到风扇的声音。
外形外观：最满意的就是外观，感觉是颜值最好的笔记本。
轻薄程度：居然比我的surface还要轻薄，很满意。
其他特色：键盘手感非常好，这是我买ThinkPad最重要的理由，这次尝试了lte版本，希望有更大惊喜。",5,201,我是老A啊,2020-06-10 13:08:53
100007267205,10299.00,联想ThinkPad X1 Carbon 2020(05CD)英特尔酷睿i5 14英寸轻薄笔记本电脑(i5-10210U 16G 512GSSD FHD)沉浸黑,13822897107,"运行速度：超快
屏幕效果：不错
散热性能：还行
外形外观：惊艳
轻薄程度：超乎想象
其他特色：做工细致
近10年来，笔记本一直都是THINKPAD，X系列的粉丝，质量有目共睹，新出的X1一直想入手，直到最近出了新一代处理器，买新不买旧，立刻出手，拿到手果然没让人失望，电脑做的内外兼修，很满意，希望能长时间的陪伴我",5,201,皮皮和叮当,2020-02-21 11:19:11
100007267205,10299.00,联想ThinkPad X1 Carbon 2020(05CD)英特尔酷睿i5 14英寸轻薄笔记本电脑(i5-10210U 16G 512GSSD FHD)沉浸黑,14234300032,"运行速度：速度非常快，还没有看电影，但感觉不错?
屏幕效果：屏幕效果很好，色彩看起来很舒服
散热性能：风扇声音比较小，比我现在的Mac book 要小很多
轻薄程度：比Mac 略大一点，不过Mac屏幕太小看起来比较吃力
快递非常快，当天上午下单下午就收到了",5,201,柳暗花明又一村999,2020-06-03 23:08:09
642737,16.80,"	
得力(deli)12本A5/30张无线装订软抄本记事本 工作笔记本子文具办公用品 7650",14188390045,"产品质感：得力的品质，绝对着的信赖，这次购买的办公用品全都是在得力旗舰店里买的。
厚薄程度：30页的纸张，日常办公正好。
尺寸大小：正常尺寸，放在桌面、放在抽屉里面、放在文件筐里都没有问题的！
产品设计：实用并美观。
其他特色：最喜欢的就是练习本侧面的彩色封条设计，让办公用品不那么沉闷单调乏味！",5,201,s***8,2020-05-23 21:52:08
642737,16.80,"	
得力(deli)12本A5/30张无线装订软抄本记事本 工作笔记本子文具办公用品 7650",14027321704,"本子好便宜，好开心，好几种颜色，可以方便做标记，真的很喜欢，以后买本子就来这里，又便宜质量也很好。
京东商城真的不错，最近越来越喜欢京东了，在老家买很方便，儿子也喜欢买的这次本子，超级好，又便宜质量也好的。",5,201,zhengmj,2020-04-12 22:47:13
642737,16.80,"	
得力(deli)12本A5/30张无线装订软抄本记事本 工作笔记本子文具办公用品 7650",13503242309,办公室一次采购要买很多，给工程师们用作开会笔记，厚薄正好，装在书包里出去开会，什么颜色都有，可以区分分一下类别，在家里也可以买点记记东西，有喜欢记东西应该更加喜欢的。好物，推荐人手必备几本，办公室人人都有，哈哈。,5,201,小***冻,2019-11-21 15:33:56
642737,16.80,"	
得力(deli)12本A5/30张无线装订软抄本记事本 工作笔记本子文具办公用品 7650",14069819761,本子是a5大小的，页数50张，对于日常使用来说刚刚好，页数适合，不会浪费。封面设计简洁，而且选用不同颜色，可以很明确的找到自己要用的那一本，这设计，棒棒棒棒！纸张也很好，钢笔写也不会印到下一页，单位老干部很开心！,5,201,jd_675986755,2020-04-23 17:32:25
642737,16.80,"	
得力(deli)12本A5/30张无线装订软抄本记事本 工作笔记本子文具办公用品 7650",12466328345,给单位买的，一打12本，刚好有活动，平均一本才1.8块左右，好划算！得力大企业，质量也很不错！,5,201,H***n,2019-02-19 11:20:46
642737,16.80,"	
得力(deli)12本A5/30张无线装订软抄本记事本 工作笔记本子文具办公用品 7650",13898027512,给班组买的，比超市或文具店买的都好，而且价格还便宜，绝对是正品，以前没在京东买过这种东西，请假条看见就下单了，快递很快到货，虽然是疫情期间，但快递小哥很快送到，而且全程都是佩戴口罩，一个人一个人给找到送到我们手中，辛苦啦快递小哥。不知道怎么回事，手机图库里面提取不出来，只能拿平板照相，然后手机在从平板照相才传上来，费劲啊！,5,201,匡-永-确,2020-03-10 14:50:33
642737,16.80,"	
得力(deli)12本A5/30张无线装订软抄本记事本 工作笔记本子文具办公用品 7650",11027866794,这款笔记本不算厚，毕竟才30页嘛！不过大小合适，纸张还比较硬，最主要是没味道！得力品牌信得过哈！买了六十个，用来开会记笔记，很不错啦！而且京东自营信得过，发货快，配送快，送货师傅服务态度也很好。非常完美，下次再买！非常好！,5,103,d***i,2017-11-30 11:32:20
642737,16.80,"	
得力(deli)12本A5/30张无线装订软抄本记事本 工作笔记本子文具办公用品 7650",13286040371,"产品质感：手感摸起来特别光滑，不会说是有那种卡顿。
厚薄程度：一本30张。刚好一天一张用一个月。
尺寸大小：标准的a5大小适合做笔记记账使用
线条清晰，书写流畅，手感比较好，最重要的是一个月一本一点也不会浪费。如果一本是31张就最好了。
价格也比较实惠，总体来说值得入手。国庆期间买的一点也没有，因为是国庆耽误物流速度。",5,203,T***曦,2019-10-02 14:54:28
642737,16.80,"	
得力(deli)12本A5/30张无线装订软抄本记事本 工作笔记本子文具办公用品 7650",14349006371,任务本觉得非常好，他就能给我寄任务，唉，还可以在上面贴小粘贴完成任务了，非常好，纸张质量的话，很棒，是一行一行的，非常好,5,201,jd_178531rwn,2020-06-27 10:21:08
642737,16.80,"	
得力(deli)12本A5/30张无线装订软抄本记事本 工作笔记本子文具办公用品 7650",13987796762,找了很久，这款笔记本是最优惠的了，办公室办公使用，使用量很大，要节省成本。封面的颜色很淡很淡，淡得几乎看不到颜色。纸张厚度适中比较结实，自然白色，应该没有什么荧光剂。京东物流，一如既往的快，第二天就到货。,5,201,燕子和酥皮包,2020-04-02 18:49:49
